63,1,1.jpg,,,,,,,,""
64,2,2.jpg,,,,,,,,""
65,3,3.jpg,,,,,,,,""
66,1,1.jpg,,1,,,,,,""
67,2,2.jpg,,,,,,,,""
68,3,3.jpg,,,,,,,,""
69,33,,,1,,,,,,""
70,33,,,1,,,,,,""
71,33,,,1,,,,,,""
72,33,33.jpg,,1,,,,,,""
73,33!!!,"[""33.jpg"",""33.jpg"",""33.jpg""]",,1,,,,,,""
74,33!!!,"[""33.jpg"",""33.jpg"",""33.jpg""]",,1,,,,,,""
75,321421,,,13,74,1,421421421421,2020-10-16,2020-10-16 15:45:18,""
76,fffffffffffffffffffffff,,,1,65,1,fffffffff,2020-10-16,2020-10-16 15:49:47,""
77,"",,,1,0,1,"",2020-10-16,2020-10-16 19:41:04,""
78,"",,,1,0,1,"",2020-10-16,2020-10-16 19:41:21,""
79,"",,,1,0,1,"",2020-10-16,2020-10-16 19:41:23,""
80,"",,,1,0,1,"",2020-10-16,2020-10-16 19:41:26,""
81,w12341241,,,1,0,1,241421421,2020-10-16,2020-10-16 19:41:45,""
82,rweewerrrrrrr,,,1,0,1,rewwwwwww,2020-10-16,2020-10-16 19:50:14,rweewerrrrrrr
83,"",,,1,0,1,"",2020-10-16,2020-10-16 19:50:17,""
84,"",,,1,0,1,"",2020-10-16,2020-10-16 19:50:50,""
85,bvcbcbc,,,21,84,1,rwqqwrqw,2020-10-16,2020-10-16 19:51:12,bvcbcbc
86,"привет мир 43235345 ;""№%""№"";""! _-",,,1,0,1,"",2020-10-16,2020-10-16 19:51:35,privet-mir-43235345-_-
87,ewqewqe,,,1,0,1,"",2020-10-16,2020-10-16 19:53:52,ewqewqe
88,цвуцйкуцкцук4123лдо 1дьбьцбюььуцдйукжлцйкожуйц,,,1,0,1,fddsfsd,2020-10-16,2020-10-16 20:09:25,tsvutsykutsktsuk4123ldo-1dbtsbyuyutsdyukzhltsykozhuyts
